1,Buffalo Tools Pro Series 12 Piece Router Bit Set,45.71
2,Weller Sp80l Medium Duty Soldering Iron,32.32
3,"Mini Glue Sticks 4"" 25/pkg-gold/silver",25.48
4,"Qep Tile Tools 83200 24"" Bridge Saw",54.32
5,Gmc Power Equipment 1.6 Gallon Gmc Syclone 1675a Ultra Quiet And Oil-free Air Compressor,228.8
6,Black & Decker Matrix Router Head Attachment Bdcmtr,10.2
7,Porter Cable 1/2 18v Cordless Driver,137.94
8,Black And Decker 20v Max Lithium Drill And Recip Saw Kit Bdcd220rs,75.96
9,Dremel Universal Multi-knife Blade Mm430,0.02
10,Campbell Hausfeld 3.5 Round-head Framing Nailer Kit (21 Degree),163.95
11,Buffalo Tools 5 Speed Drill Press,497.82
12,Hitachi 12v Peak Li-ion 2 Speed Drill/driver,71.39
13,Stanley Fatmax 8.5 Amp Reciprocating Saw Fme365k,290.7
14,Eclipse Dp-366d Desoldering Pump,347.43
15,Western Enterprises 1/4 Npt X 3 Long Male Brass Regulator Nipple Cga 540,1.97
16,Bostitch 8.5 Amp Orbital Reciprocating Saw And Bonus Saw Blade Set Bundle,208.87
17,Wagner Ht3500 Heat Gun,72.5
18,Black & Decker Matrix Jig Saw Head Attachment Bdcmtjs,363.25
19,Wagner Ht1000 Heat Tool Wagner Ht1000 Heat Tool,43.55
20,California Air Tools 1.6 Gallon Ultra Quiet And Oil-free 1.0 Hp Aluminum Tank Air Compressor,91.83
21,Buffalo Tools 5 Speed Drill Press,21.93
22,Black & Decker 18v Cordless Drill,532.01
23,Lincoln Industrial 14.4 Volt Powerlube Kit - 2 Battery,161.24
24,Rikon 1.2 Amp 120 V 16 Scroll Saw,243.63
25,Freud 1/4 Radius V Groove Straight Router Bit 20-301,328.27
26,Numax 3-in-1 Flooring Nailer,367.38
27,Fry Technologies Cookson Elect Am32406 General Purpose Acid Core Solder,39.87
28,All Power 3.5 Peak Hp 6-gallon Air Compressor With Accessories,147.69
29,Astro Pneumatic 223k Air Belt Sander,154.19
30,Black And Decker 20v Max Lithium Drill And Recip Saw Kit Bdcd220rs,785.22
31,Black & Decker Matrix Oscillating Head Attachment Bdcmto,28.01
32,Dremel Multi-vise 2500-01,190.7
33,Black & Decker 17-piece Workbench Drill Bit Set 15097,207.07
34,Black & Decker Matrix Impact Driver Head Attachment Bdcmti,306.2
35,Black & Decker 20-volt Matrix Drill Bdcdmt120,1.42
36,"All Purpose Stik Mini Glue Sticks .27"" X 4"" 100/pkg",477.16
37,"Campbell Hausfeld 1-1/4"" Brad Nails",2.29
38,"Numax 23-gauge 1"" Micro Pinner",2.73
39,Black And Decker 12v Max Lithium Ion Cordless Drill Ldx112c,48.19
40,Weller Sp80l Medium Duty Soldering Iron,312.53
41,Makita Mklxt311fh 18 Volt Drill And Impact Kit,307.58
42,Dremel Lawn And Garden Rotary Tool Kit 100-lg,223.49
43,Ingersoll Rand 705-93 Trigger,131.16
44,Skil 9296-01 4.5in Paddle Switch Angle Grinder,553.73
45,Campbell Hausfeld 8gal Oil Free Air Compressor,58.09
46,"Hitachi 3/8"" Drill",44.82
47,Weller Battery Powered Soldering Iron Kit,716.53
48,Bosch 2250-01 14.4 Volt Single Speed Cordless Drill And Driver,306.14
49,Masterflow 12v 3-in-1 Turbo-boost Air Compressor / Inflator / Deflator,35.88
50,Black & Decker 18v Cordless Drill Set Gco18sfb,90.58
51,Powermate 10 Gallon Proforce Oil Free Vertical Air Compressor,724.03
52,Fry Technologies Cookson Elect Am33505 50/50 Solder Solid Wire,292.04
53,Aaa 300psi Air Compressor,30.27
54,Dremel Lawn And Garden Rotary Tool Kit 100-lg,804.82
55,Skil 735-0118v Octo Multi-finishing Sander,663.22
56,Imaginisce I-bond Mini Glue Sticks Clear,206.01
57,Black & Decker 7.2-volt Lithium Drill/driver Ldx172c,663.35
58,Ingersoll Rand 80 Gallon Type-30 Reciprocating Air Compressor,319.03
59,"Skil 9295-01 4-1/2"" Angle Grinder",0
60,Kawasaki 6 Bench Grinder,22.87
61,Ingersoll Rand 80 Gallon Type-30 Reciprocating Air Compressor,142.97
62,Surebonder Full Size Low Temperature Glue Gun,84.7
63,Bon-aire 12 Volt All In One Compressor In A Bag Yellow,377.34
64,Powermate 6 Gallon Proforce Pancake Air Compressor With Extra Value Kit,452.53
65,Lumberjack Tools Hsk2 Home Series 2-piece Starter Kit,750.48
66,"Hitachi 3/8"" 6 Amp Drill With Keyless Chuck",343.13
67,Skil 360 Quick-select 4v Max 1.5ah Lithium-ion Screwdriver 2356-01,42.22
68,Primefit 30-piece Air Compressor Accessory Kit,167.74
69,Stanley Fatmax Value Bundle,237.27
70,Gmc Power Equipment 1.6 Gallon Gmc Syclone 1675a Ultra Quiet And Oil-free Air Compressor,44.97
71,Multi-temp Hybrid Cordless Glue Gun,14.79
72,Stanley Fatmax 8.5 Amp Reciprocating Saw Fme365k,252.95
73,Hopkins-f3 Brands 90158 Workbench Kit,211.58
74,Wagan Quick Flow Compact Air Compressor,64.26
75,"Qep Tile Tools 83200 24"" Bridge Saw",267.79
76,Dremel Carving/engraving Mini Accessory Kit 689-03,135.72
77,"Bostitch .5"" Vsr 2-speed Hammerdrill/drill Bte140k",269.74
78,Lumberjack Tools Trh1000 1-inch Home Series Tenon Cutter,85.06
79,Skil 735-0118v Octo Multi-finishing Sander,176.86
80,Vim Products Xzn100 Xzn Set - 8-piece,30.26
81,Gyros 45-20265 High Speed Steel Wire Gauge Drill Bit No.65 Set Of 2,107.02
82,Lumberjack Tools Ttr0500 1/2in Pro Series Tenon Cutter,127.41
83,"Bostitch Prozhoze 1/4"" X 100 Hopb14100",588.14
84,Skil 1400-02 Multi-tasker 2.0a Oscillating Tool Kit,100.82
85,Titan Professional Workbench,0.89
86,"Hitachi 3/8"" Drill",68.56
87,Hitachi 2 1/4 Horsepower 11 Amp Plunge And Fixed Base Variable Speed Router Kit,548.4
88,Dewalt Dwt-dck212s2 12v Max Drill Driver Recip Combo Kit,4.02
89,"Numax 2"" Brad Nailer",87.58
90,Crawford Storehorse Folding Sawhorse,162.39
91,Surebonder Cordless High Temperature Glue Gun,241.67
92,Hitachi 18v Lithium-ion Cordless Impact Driver,86.5
93,Bostitch 1/2 Air Impact Wrench Btmt72391,607.59
94,Freeman Pf3p6galck Freeman Ultimate Finishing Kit With 6 Gallon Compressor 3 Nailers Canvas Carry,13.41
95,Century Drill And Tool Reciprocating Saw Blade (set Of 4),508.15
96,Dremel Mm20-03 Multi-max Tool Kit,846.49
97,Black & Decker 1/4-sheet Sander With Filtered Dust Collection,725.78
98,Bostitch Air Regulator And Gauge Npt #iregulator,166.48
99,Eclipse Pz3x1-15/16 Bit Pozidrive Size 3 1-15/16in Long 1/4in Hex,22.81
100,Numax 18 Gauge 2 In 1 Brad Nailer & Stapler,21.26